gaze_congruency,hand_preshapes,actual_target,arm_vector_x
0.8122969930727187,0.10892134253710595,1,-3.6054471379607103
0.5885273459218905,0.7149168033669416,0,4.9782954414976865
0.45274561469595176,0.4212007800622024,1,2.1567340877463446
0.18442806945276058,0.3936317736243756,0,0.6269941509034229
0.19063919502711646,0.8470099538783548,0,3.3678282975108287
0.8904010009732723,0.8454196740554757,0,5.668755273999286
0.5860618547352974,0.22853627552064026,0,6.1230961845687375
0.4511762865510096,0.6461543746359028,0,1.6805401335735795
0.34205163191307886,0.6628262843076776,0,5.814652684826158
0.1750112560610968,0.9263702250597041,0,-0.3693946480619612
0.8323342426525865,0.09444560095637611,0,2.5361562759037035
0.03702086695162088,0.7139500475244726,1,-3.519430547269006
0.4246254298470803,0.15664954465301917,1,-0.425996421536861
0.5170029318824898,0.2907958414852809,1,2.5936441972744344
0.913863713523704,0.7960235069605938,1,2.5537352989148996
0.9278912852456234,0.4530640817682361,1,1.0530793501368079
0.7217567346246517,0.026411573990531845,1,1.5462565674408921
0.2773982424087812,0.6549873816143763,0,2.3729391923382623
0.10383429443860404,0.8550493749659768,0,6.93431330962159
0.7189649247876534,0.6651276165892234,1,-1.7555829729426673
0.487456673605023,0.3845773446602194,0,0.18285554877374466
0.6530611187041512,0.9992244930737196,1,-0.9953160912268357
0.11222447901178856,0.49830788027440276,0,2.9934166639536723
0.7221358499730864,0.37805499252025254,0,4.30930903694988
0.2204768840583402,0.9634406727232593,1,-4.637631958048551
0.1285385348031698,0.09362910254357681,0,3.710849920348444
0.16332657024266017,0.5822589158955138,1,-5.665296206828986
0.47561903816780815,0.7451295600059266,0,7.600314730316114
0.0689647834228726,0.13963382310029737,1,-1.6599026262056809
0.2200112279937203,0.41725061220717186,0,4.153032479145522
0.7166880049620259,0.46097254990648284,0,0.01804375484129217
0.9777864510703626,0.21966029816162003,1,-0.8078842236341561
0.10351053401418431,0.5855218434121741,1,-6.066918603199088
0.009516013506828513,0.3911360104006585,1,-4.841655227221459
0.9835563851859366,0.693905907441068,0,-0.1526447661584971
0.15774550515760288,0.7091201222924495,1,-6.517065973849782
0.8799515085493205,0.07012466091796998,0,5.103989975598209
0.4749627923597194,0.3108842974628345,0,1.8013522210842714
0.3182017035879553,0.369256541857651,0,1.9049013490296787
0.04673614240424284,0.5940725913963698,0,2.1246528754349088
0.3585271797720664,0.4232282930486926,1,-6.487294458241664
0.6905525564705827,0.8000167464236209,1,1.3481924155798346
0.03190867712087364,0.01035426870629641,1,-5.769305914379897
0.47128455411306913,0.30154260903693286,0,3.1989112605330767
0.321153268478203,0.3300578675162348,0,1.2104826179813646
0.4911664047440052,0.6846193197664884,1,-6.93557396069634
0.409359972522951,0.1517709664320901,1,1.6222720225143723
0.04709968049570468,0.6842501115508883,0,2.646850048722687
0.8943189993539877,0.30381698674389057,0,4.612045491867658
0.029194979384517206,0.5278330283544431,1,2.709315468700587
0.0647091706749725,0.2549185634097654,1,1.3747556620774932
0.638014165549946,0.7758996446548215,1,-2.8310488641913487
0.09836150282467893,0.028942994354992257,0,4.561940570217978
0.5359916322877314,0.7176183016606578,0,8.759949656008375
0.14424170047247165,0.9429583257901907,1,-2.8667534367998098
0.256067232666065,0.8790868339104491,1,-5.662594186280204
0.14241712005060225,0.5377763175732619,0,4.604224552594851
0.5053599132013726,0.852979651904826,1,-1.2513133674586978
0.8342675196971173,0.4571236521097384,1,0.7952062119872845
0.36759505103128365,0.413840040854914,0,1.4259640641828142
0.0582632168442877,0.019191964428872832,0,-0.4192531075370596
0.7242818801524078,0.32005204911238205,1,0.07123715212571913
0.6390107059802473,0.09704469324034481,1,-5.187294835212178
0.6713748210954704,0.662329206636864,1,0.7159729334656193
0.4264901504501881,0.47943658323759253,0,8.116383765647132
0.4742658255395522,0.2538269857447909,1,-2.153083954178274
0.29771677007170994,0.23655945367903974,1,-2.4913199031510453
0.623543704857347,0.27397374019489285,1,-1.9947603028158793
0.07482661916098421,0.008242940879604643,1,0.08560815530682753
0.47831158308107247,0.9596189130663886,0,8.463109294854942
0.7164643201534269,0.5907381908634598,0,3.372994447328356
0.05620070971002766,0.5620536066112416,0,4.503688909667844
0.009990218573869836,0.030697155804259912,1,-2.8268601832655733
0.8992604424990898,0.7625343128183352,1,-0.7195870598389256
0.0525643523854733,0.6432485186446245,1,-1.7438804912140933
0.05495276063726773,0.1315265992016892,0,3.526486003796091
0.44331733863130574,0.3788264644907645,0,5.678473987279174
0.2940257472761243,0.39345038603574345,1,0.3167752631050753
0.07348818048278605,0.06267299101730783,0,0.8343611860313658
0.11128613678613752,0.7347669323412273,0,8.424583496239471
0.2822698262419583,0.014795599269340709,0,6.146683559045926
0.7143504805160594,0.5589811135859131,0,-0.17832131673047336
0.7456141163557339,0.43086206370739455,1,1.618498443452438
0.148352804541647,0.3422793208469347,0,1.1400415723430335
0.8814086234430996,0.055332591424055,0,5.689647638327286
0.9620873529119505,0.1092912899294648,1,-4.398939333090264
0.37745885498264387,0.6494891437500404,1,-1.1358986361251944
0.7979390298190264,0.5118135014327199,0,1.0759081576901526
0.7268451500785412,0.5156558758463166,1,-1.2702862052021668
0.7821678251587849,0.880236993951713,0,2.2290188993215114
0.778915721052526,0.010098107252345612,1,-6.930682899310396
0.9120648032554449,0.6572994001915433,0,3.2333213484013408
0.026832171891988277,0.7365669219494164,1,-2.0977570918897817
0.17171172477091834,0.6077670674578298,0,1.6057262414277647
0.016981421394628216,0.09103917150314944,1,-4.109876152550419
0.6456449116112093,0.6643792396506716,0,7.027229235733654
0.1902635019921035,0.8902585516925067,1,-1.3068216966194388
0.6807752652541718,0.1563785045485505,0,-0.22476312032558
0.14415252837146086,0.9956853548478815,1,0.5218061787975787
0.04536357524329693,0.18823800401210145,0,4.374523703236839
0.008911490706885017,0.9468639921328326,0,0.6698725796436857
0.7158518992080208,0.7567235195605378,1,-4.195642640024341
0.07546896489882438,0.683256405505718,0,3.6148154984399543
0.9149438174370209,0.24963338803166424,1,-3.714647478627498
0.9741103045916932,0.5813235893843905,1,-5.088219441294015
0.5129818158419797,0.2840990595132651,1,-6.946864755493143
0.5931461102566363,0.992402673844236,0,2.9743794974552493
0.7333200346652403,0.856263321219341,0,2.620229290488883
0.9950725759724078,0.28634421691650336,1,-0.8743160687475808
0.4550835622584125,0.5734663349033264,0,1.4297910388664388
0.35880127114154814,0.5136677904233606,1,-0.6487234634607582
0.22290014820115844,0.8741800034949572,0,8.627670567292547
0.07825516266460963,0.47194379494906613,0,0.9980603404719659
0.3900130923706586,0.7739681195550366,1,-1.5532504992549594
0.18200345294795672,0.9616526647639846,1,1.2073202008325516
0.28383138614455783,0.44489679774630464,0,5.678169305121119
0.46413366025307756,0.49534399440709,0,5.650135923399796
0.20843417070441161,0.19157813623788622,1,-4.981935976058012
0.5135340419224039,0.39386784201573755,1,-3.900499196839979
0.7283399433751976,0.6413720129931358,0,7.8949960914251065
0.17854085528831043,0.8238420159044076,1,-5.676546208263414
0.29729456353945305,0.9502839432530269,0,-0.44767842320180584
0.741333139257187,0.021908344934116974,1,-3.109633257698727
0.5148697525397649,0.025079709296123243,1,-5.548242131738094
0.334574515601164,0.27761204349075796,0,0.13815033157442969
0.46012528690404275,0.5667084395064345,0,7.314005176711242
0.28284563397563256,0.04431717248396383,1,0.06897285019892152
0.5878368615348145,0.46856592746437364,1,-2.6577449839450322
0.27095080228082447,0.930200104859751,1,0.023170205638560315
0.39641798032370434,0.34671868448682897,1,-4.487771433519557
0.24043801519639396,0.42543946687350187,1,-5.495688218450804
0.45168080742212424,0.1607745147615004,1,-2.1578560260362956
0.8144579455244951,0.7298212194528616,1,-0.12716291552935655
0.1754671308453739,0.07974372735716295,1,-5.026852959033217
0.9580241158851563,0.42767284458346866,0,2.2619528858799534
0.736962339903063,0.012243316151709038,0,8.594838115546072
0.4151220855770794,0.75701057724652,0,6.7163089888849425
0.9696257547405046,0.9340065147182688,1,0.9174226428471819
0.7682689044287309,0.5662156946293398,1,-0.02859057207992688
0.13336684710741353,0.8210740250691646,0,1.1730797899057874
0.5078391703030843,0.86807463068769,0,7.127519709326473
0.8858305029043843,0.6170911482379307,1,0.0886540402793683
0.49748354045645105,0.7942263846832275,1,0.7208506606319114
0.4166349079173186,0.6481724362680845,0,4.5100528164264775
0.9132783289888056,0.4799186224611067,0,3.6754405141723314
0.2102679124017054,0.6398788032376174,0,2.0357843035783407
0.881914574827227,0.4792643507926182,0,7.453342746727369
0.04902595889213035,0.3650645319166277,0,4.02400103928203
0.811400903697493,0.049848944414230933,1,-3.478668518741161
0.27325282066950873,0.9815279772356179,1,-0.49097839735127424
0.5321589766784967,0.28126237503506313,1,-6.575300094631917
0.11046758339514318,0.9571266844288223,0,2.199365467825558
0.27774023608160003,0.6089970669102852,1,-6.819792539107496
0.32028502203773745,0.2712809059454325,0,4.148344084046718
0.005876986449611432,0.4005059903048127,0,1.5394406095801747
0.22099640998691183,0.3260559914733828,1,0.3962949145178589
0.8413650955895776,0.16409037852716024,1,-1.101498138205793
0.4501410715024502,0.8551252482347411,0,2.376432481424824
0.1107104396317683,0.4309178001819628,0,3.080652524522251
0.10129729761183959,0.6278122917291928,1,-0.020492535912423726
0.4307326054477355,0.3152319608961154,0,5.054036228000731
0.8068868616497228,0.6587628222620855,1,-3.512765660395944
0.047394368236546636,0.32710663284277774,1,-6.069756138521859
0.6693419641036896,0.9163397974644346,0,1.730779523887266
0.029721160876637787,0.021621588278136983,1,2.783613839621572
0.03659704797757424,0.2472612941608744,1,-6.653325176588265
0.7657491869555397,0.13817468878042272,0,6.256763409847019
0.4385138131455385,0.01365773561295558,1,1.56884983155912
0.8786232479966324,0.6989592615427742,1,-1.6061013506233444
0.10602279026195593,0.9163192078157706,1,-5.415518475460244
0.6127015771493283,0.8159342570034983,0,7.046504960034186
0.3799993393819917,0.1438463221217975,1,-1.9629997016118175
0.5214634088380734,0.6156314382687632,0,8.296484214458598
0.5821443484127241,0.34174548374797953,1,2.21138773435462
0.6646506064854667,0.049433048538531255,0,2.6074392215902407
0.8248401214993029,0.19055759269520112,0,-0.12880824343743136
0.3869496541587527,0.36281634994692835,1,1.6545763160260494
0.5546905115699746,0.1668212156983353,1,2.3856396676359246
0.5569061446074746,0.015666228646922686,0,-0.518190580896638
0.9641726276928083,0.29050563484507974,0,0.6911105979515142
0.01315259292135662,0.9761387677027145,1,-2.1731974235078084
0.6448343885168063,0.2687138904332621,0,7.360354747785444
0.16938931740146046,0.8488726994828065,0,7.0679705820265015
0.0051001560054915185,0.792285112288283,1,-3.3535411650810794
0.6023296022474454,0.4365290011134315,0,6.825814488968189
0.8548782473575433,0.06736195025058744,0,2.1053383641632335
0.1969621930118104,0.2095759952795916,1,-1.0949527509358958
0.23453446625089136,0.6227562164726594,1,-4.877279441782634
0.11874903582293361,0.2984901866633748,0,3.946389832775556
0.9942270429481282,0.6666208646074018,1,-2.566647172468807
0.9917681360846089,0.10038973393324657,0,0.9079224328504036
0.0038442418543630508,0.17658214589291865,1,-3.674810414570837
0.40377662916798696,0.8484502703349194,1,-6.892172344711392
0.32563753050660094,0.08666372420333168,0,0.3922155181561777
0.9876365269829951,0.3915723377166286,1,-1.6925878942353085
0.013143315842576886,0.05045204842369122,0,3.164036105177747
0.9508821639004257,0.7940490696681816,1,-0.9796606495950995
0.038178611152578035,0.5317045816989912,0,6.611223650326384
0.08446756177283632,0.4849769720891023,1,-3.690115077022986
0.5425638305239913,0.014538019783645106,1,-5.73912780392039
0.3784811340222475,0.03195714969748664,0,5.79213527533885
0.6461310754234232,0.11869285212584846,1,1.995176490167375
0.1254839287625623,0.5368369634473749,0,3.1455855089682654
0.9209076949939865,0.3542957514499878,1,-5.769026260205116
0.00029065238434611285,0.44699295086448676,1,-6.598352801276963
0.04160137558306087,0.8532967028290224,0,8.876136127866452
0.3125633826373475,0.8062474148870769,0,1.4938461921752184
0.5741593562851436,0.5804225980325017,0,3.0249378408836893
0.11755911592677226,0.4352698435161301,0,2.3560117427375715
0.7696188442790597,0.8947186377796598,0,5.014886458195776
0.2310223325178138,0.30768308526785393,1,-2.6319679570442798
0.1385996062910153,0.8264182241431851,0,2.236081347084978
0.18996586524030235,0.8151638294223323,0,-0.9970587514080691
0.30525927086231985,0.6545456485884831,0,-0.6276207343367446
0.4816611875646264,0.9849997309296316,0,6.081793167228957
0.49351752190018394,0.7528394431709726,0,4.482900316012691
0.5950035348657522,0.7882396251010192,0,-0.03679497103527929
0.7700266103926834,0.47949372641931653,0,8.668146199507198
0.666525953639869,0.8620932833959297,0,4.564103546327991
0.7600604832247828,0.39645810517866564,1,-4.014340755164238
0.6180708659969444,0.2893550810980481,0,2.6568587675531274
0.9404132237401924,0.4120362705461349,1,2.832818065480354
0.40288743328471677,0.0544903169286407,0,1.3471750545742207
0.20123393791028987,0.4334258639776124,0,0.2599717825859287
0.5123204227363463,0.005916445554360772,1,1.2556885939496016
0.7147070303362124,0.11398665447036282,0,-0.20981973840145152
0.3466452012117893,0.7929874532733565,1,0.9680000652591376
0.23693531244252064,0.7074199136205755,0,4.241264092815737
0.3591716594266777,0.6468019198863333,0,7.873358921813858
0.4896252770639704,0.3302728562627788,0,6.059847454262461
0.15220246882199207,0.8267112615639022,1,-6.244978526017222
0.44931626626338794,0.6111217664710369,1,-3.7071637904493127
0.33139199799884067,0.8494434645527884,1,2.27486651677611
0.4544533337245932,0.0070792077518527785,1,-1.6016458049887445
0.5544250496311894,0.9041546489217007,0,7.530971602207922
0.7428997692930367,0.9301502680322427,0,0.23631556032507817
0.3699490606631398,0.9018607351554494,0,8.92199920898842
0.6633746233938228,0.4857273929200846,0,-0.5348569475933846
0.7349175800803731,0.6909654825657955,0,3.2549313001091864
0.9985661033395329,0.8228592277065683,0,3.446098296864135
0.44292253695792105,0.8156805599885933,1,-3.413988140579214
0.1606871267243698,0.7759490750665416,0,6.288062832668297
0.9681576868888153,0.005130855658234235,0,5.737207094539474
0.9278254724386168,0.9462562436466532,1,-2.967434812961776
0.05946976828484296,0.742890029432593,1,-4.4863429208616905
0.9581835526484558,0.7188782514528471,1,-6.11360231193226
0.7828942962970347,0.6769221236201688,1,-0.9190653991673008
0.47043789239325084,0.7774742904417932,0,1.5425802058766145
0.035381839534688764,0.15021070203784892,0,0.6444326071042497
0.5869421826076933,0.31569539490100473,1,-0.2797662301702193
0.8551646843218903,0.37054666622281607,1,2.263119651356199
0.15456786266150058,0.99905902800014,0,6.9000115638302235
0.538303738627662,0.006088372853817803,1,0.8441126079685519
0.547676107503959,0.7089966469211576,1,-0.09450212836075522
0.20973240311360997,0.7588819687345567,0,6.580654108717018
0.968051133024645,0.3567209541654307,1,-3.2716613177611125
0.6376983243354738,0.8272253707695948,0,2.8668519021930026
0.9537151088047859,0.2810732737171061,0,6.845527497241096
0.21775739753913914,0.44518256474715634,0,-0.8572457598669398
0.9554084942512527,0.37235897146770347,0,5.644472238262118
0.2928358281365445,0.5707342621789269,0,2.954368069517419
0.6781236347250621,0.6486071179920859,0,5.167494075290199
0.41681590479792174,0.985733081770591,0,1.8570681500185655
0.6968562915957625,0.06034325750945013,1,-4.395408097391329
0.6526983462728903,0.35661497028470834,1,0.9562888721763079
0.7933637271642214,0.16363329313757968,1,-4.182191392291376
0.9565912061273294,0.4842133912774168,1,1.1899782593606938
0.6814452406963063,0.42912234073433475,1,-0.8704441060030881
0.23945886510543002,0.5369060415857817,1,1.5234270297899997
0.9433712449838865,0.37244119739138926,1,-1.1626374254208702
0.10756086212104032,0.4131477622210191,1,-6.651681455653701
0.25239059092851424,0.49825122293355695,0,6.599318058426964
0.21818087667388475,0.9180431349826574,0,6.248249932387042
0.05470577112405084,0.17931754616472806,1,-4.336339541327721
0.34046517563300704,0.4624100012690239,0,4.62733310758075
0.7881196085758135,0.3651031751747833,1,-0.9098090406789119
0.38256030918459394,0.5089292428229033,0,2.0937067891356893
0.37056603317842807,0.6012756240775117,0,2.6403039516679403
0.4483638023459986,0.6418502595765077,0,7.822471442032923
0.35221583439927806,0.6546641337983293,0,4.514901615796084
0.0927923763937768,0.30745254225184915,1,-0.7507544836756224
0.10875780814733671,0.8016943319051844,1,-4.473217240176559
0.5654474145184097,0.7604052501801323,0,5.085759489141327
0.6034694219563721,0.41146524174037646,1,-5.442890646188255
0.7223359660876925,0.020315326632186492,0,8.305314037529762
0.4691556584906995,0.1527149271268965,0,0.8307900044266745
0.17749110840713633,0.8750650380392058,1,-1.571935919367407
0.9840511393109388,0.061856847101717904,0,6.896950240492062
0.20609809414244595,0.7179940610474429,0,2.2947525083527553
0.18554018990470933,0.747319820574582,0,8.739518741976331
0.9689747934218759,0.8605889984944739,0,4.383853834500104
0.8770643861595282,0.27297013391726965,1,-1.3864064141093415
0.7344568351065992,0.0911761175101139,0,1.3291853808444305
0.37525269459623634,0.08759694887065861,0,0.921844377801893
0.9803110007003956,0.8612892891503205,1,-2.6364962755140002
0.8445358143271227,0.36687212513226664,1,-0.3152336213864242
0.2911103134394155,0.12021294702859764,1,2.5648864528561504
0.6932071148403114,0.016067701998753514,1,2.1423864724187602
0.08123548971344974,0.6483389892851816,1,-3.062801830296256
0.4801225320262662,0.5163793140035317,1,2.617389823208625
0.47663052872266387,0.03951350635442641,1,2.5842348260764334
0.9560878552829781,0.06337626096550109,1,0.35741326545749974
0.937232069469304,0.928652880410019,0,4.2912507121465975
0.8957460250924693,0.31457147971038923,0,0.6337409469101143
0.9513828876110234,0.08310968060204849,0,3.1862115264611655
0.7884943075895562,0.9549533807668823,1,0.8493139809325472
0.2940781559354192,0.100904483669363,0,0.5079901611597961
0.7557286327439011,0.6075962575182116,1,-2.5698543522455406
0.48228345795940164,0.536772583676681,0,7.369023088402193
0.554211949453972,0.21265538494703184,1,2.611272820100657
0.12764560929080082,0.4881525843853155,0,1.05726688201087
0.8459322648183509,0.8556356302247603,0,0.9638761416012862
0.42472234368780215,0.31663019360716305,0,3.038742892592863
0.16781661854073593,0.6993029949473673,1,0.3100836217348073
0.0927189099711162,0.7582292597674899,0,4.216469265450634
0.640467200352793,0.8183648097062691,1,-6.511724351754481
0.5072416889284612,0.783010492249262,1,-3.663678361669751
0.3237237629504527,0.32113870683967105,0,2.5748634980325296
0.5179083923321162,0.11502191149773555,1,-3.7463368382869344
0.22384069701513942,0.17961130698437133,0,8.642418166811327
0.007504505985708065,0.37885144864103526,1,-6.052198767654643
0.6526676328203748,0.4290958205190165,0,7.401228339363138
0.5542369805591568,0.11633461127397127,0,2.9570615042745105
0.39233041121316015,0.3883549065577748,1,2.8498554678064867
0.591975871201207,0.03770990225970694,1,2.9755224289659257
0.7451306296960822,0.4278875481315213,1,-5.548349192177142
0.03712970848176067,0.08787581017975288,0,2.053675699422394
0.06270213848840234,0.8180348196907754,1,-3.891834438784443
0.6995190074618923,0.8946982932519576,1,-3.0597381759292457
0.8648836935537316,0.04951196297501537,0,6.919376827806914
0.4552141272174671,0.634881705242901,0,0.2780289608096762
0.03731606914092589,0.9669970702331596,0,3.996034262788238
0.37996305872925584,0.19069603507304922,0,3.2547369487218445
0.32607517349468595,0.1423752629952928,0,6.158013611520701
0.2899155743776497,0.7977786215810896,1,-6.075086566649874
0.5160972573955832,0.23071345510940977,0,7.274143003178222
0.9902543366890747,0.2795701531748711,1,-4.557938499563192
0.4984361955497254,0.5342402553300186,0,5.206714842732456
0.9276614093044471,0.6214762259664199,0,4.044621994240086
0.7229854357245619,0.8588184163994165,1,1.9755908260124317
0.7529878057411172,0.35585500606570275,1,-1.3017000731648096
0.21416164632077916,0.04824832079995156,0,8.879912346166876
0.7149488569659657,0.6783049444270768,1,-0.679392181094403
0.23734153400920288,0.0026418452095416933,0,5.702415932649869
0.5742082633422955,0.3562847430425591,1,-6.385963759020017
0.9652283118041808,0.9018829332571339,0,3.4351689368455283
0.02326939059641453,0.6431056841148033,0,-0.76877660735558
0.870842575883059,0.2762569977164313,0,0.48869089850184544
0.4848463679206151,0.45787945623797865,1,-2.9874014035951015
0.43415816727098466,0.6067179095283814,1,-0.4557170309715146
0.08012312301960922,0.5007137932142455,1,-4.727562988535292
0.7949716207028938,0.3518531903432609,0,0.7516154698554427
0.5502920759997362,0.8708396708255982,1,-1.8488335966976965
0.36188254953756216,0.6777854150621245,0,7.769395798452385
0.4963717494419143,0.05798187654789411,0,5.852326846675742
0.03658735597345508,0.082309129998833,1,-0.8399370184448776
0.12239845948126182,0.9211204670489366,1,-3.4274094248921374
0.48616320145918446,0.3707229633574183,0,3.7073487700497187
0.05734383745778826,0.18108382526556166,0,8.855799849297325
0.5851938732688609,0.1755469221099789,1,-4.794364795617343
0.44522898302948366,0.9687144801740898,1,-1.4144253097822537
0.6099122025075435,0.1550985411448369,1,-0.7405285997737914
0.9736490971692934,0.7461496955238281,1,-6.03410956234333
0.15659085151493024,0.8870202488644782,1,-6.140126888153494
0.15121040668487773,0.6524022822805239,0,2.184180671486482
0.5346626802045961,0.1038848317461526,0,2.936190225711643
0.4960212990050912,0.29497769023219733,0,5.8751077397330995
0.04104909607702456,0.23670505655076834,0,5.44967226083498
0.9775072971596348,0.8024538059768213,0,8.998162339787651
0.10681489020386203,0.22992040629598232,1,2.2644564430591023
0.07124729150562881,0.046282327243443055,1,-4.425670967351666
0.8097004977039726,0.53004437583154,1,-6.698403811438345
0.9633521210778832,0.05086713823762368,1,-3.424385944660324
0.7681732841634453,0.6832902438234043,1,-6.081911582444972
0.8571437840662244,0.6118115062002852,1,-1.3453136206504013
0.35834291013265407,0.6366496206821383,0,0.7587749981238172
0.3204453732854826,0.2789584169214503,0,8.145523295900647
0.23831468082745388,0.918054498268176,1,-0.9762180389687041
0.2781673920862562,0.03785014063694425,1,-2.0335814274345205
0.9973049816960863,0.9826078352991587,0,2.460609926827712
0.30108428407873244,0.7449847455604691,0,8.318520322320708
0.5228255028983473,0.39494045222780294,1,-3.8241424456863147
0.5142286031206945,0.005288078144258468,0,-0.07993835936631655
0.990115376098241,0.6116775203495997,0,1.1211432521256395
0.8627343905099182,0.9550188906292787,0,7.388463034616932
0.3506876866982853,0.7581062921429872,0,4.349924618608201
0.407747292344636,0.013154164054635764,0,8.436005225393027
0.3218325669189688,0.03511522663559363,1,-4.1005989860499845
0.5035067580467694,0.6917307561867906,0,0.40971945004107546
0.4815533381893058,0.602408401176886,0,5.911987415852394
0.14654798361323707,0.20536660167806975,0,-0.871055002138716
0.40107141498174614,0.6515544318902198,1,-1.547455130040098
0.4770587595811242,0.6999318146412318,0,1.3713142806746514
0.1788652948586692,0.7521077059347759,1,-0.9999524109700113
0.6558882001833873,0.2522035529012123,0,-0.009220253840558357
0.23049792347662823,0.3341334238914857,0,8.814641547282765
0.840316041983487,0.30453495399942676,0,0.8410344595262913
0.18714670344451523,0.5879518488204931,1,-5.249229584637618
0.7143408471919712,0.8096919951451321,0,5.297891920227263
0.4072610684717781,0.44605047785625596,1,1.2937622179455284
0.697461145277986,0.19038526073476159,1,-0.8207012358852435
0.12149401664779047,0.2590433399388198,0,2.265308520936223
0.9907272119890993,0.5768788410655499,1,1.4010059955673522
0.30126012398598523,0.49647931069068363,1,-6.368505986762921
0.4593745712037296,0.7785794488365055,1,-3.944214967807424
0.6364993008652956,0.1370991422139366,0,8.696481043818377
0.7448925700693492,0.3593412025998801,0,-0.8428277262622359
0.6615962862344603,0.3052547410713209,0,5.688286514782113
0.02620866172467584,0.20342707572423024,1,-0.6430755214384902
0.6033815731318696,0.776914193965974,1,1.9825259919994704
0.3853293966904233,0.5850226898255084,0,7.38940418974771
0.08408972482934662,0.33201541704946,0,5.463073261750417
0.45102477836345567,0.7178390894677719,0,6.780447460365155
0.35440891614404113,0.5831307645623647,0,0.42165597135226385
0.46973831438945746,0.6247562567022745,0,-0.9494682069890299
0.514774774766807,0.5428988445769242,0,7.913954659816193
0.3404750090274894,0.3065954570694224,1,-3.3679738322385138
0.2317333906136646,0.31455873457652284,0,5.847048819756907
0.11854282973109775,0.874603183071271,0,4.2543543385818055
0.15014153912522787,0.29030212135467626,1,-0.733337204240208
0.240738194927948,0.00874298239373561,0,2.090008777477477
0.7246031851674486,0.26624871912977766,0,7.366459767155986
0.3368216904114778,0.4730329235265135,1,2.528817064024551
0.7325988931083887,0.9935447880915341,0,4.600276119719992
0.11812444017655954,0.7510670990612669,0,7.385262989441991
0.04776893198022358,0.9999017030496172,1,0.5359034768268032
0.8716477953842624,0.8773431595516595,1,-5.730092390331093
0.13723607725904108,0.270200123397904,1,0.04659377967677303
0.7404058948865905,0.7046788732737125,1,-0.35772572544637793
0.5731518038811138,0.6837784911291267,1,-3.3556000904799914
0.4180568758716351,0.6237476678769461,0,2.443088527832538
0.28000838962902697,0.41326722514213265,0,3.869762148430744
0.6486028616865169,0.282042934791103,0,0.40473148417205884
0.4666428205469646,0.49396922622175177,1,-0.7133880419405783
0.8680148589462261,0.8373930526812338,1,-5.895209500830163
0.4231204697183989,0.6333513286811154,0,2.2288738027678328
0.07118154244363417,0.19429921007174544,1,-3.184042330455169
0.6505283887754624,0.2773392457419984,0,6.009792637223783
0.4662173501753726,0.10737797540378557,0,0.561796754846343
0.9150068114733552,0.8022241845579265,1,-6.195415829806825
0.48723989659873523,0.08852308695782518,1,0.13119233676513442
0.6114548796661737,0.5554978596529657,1,-4.920922900416338
0.13898273441865705,0.1130593398093439,0,4.423660177161148
0.9272043302468076,0.3424746056519389,0,0.5215675561627133
0.5926252420849972,0.7966173810433723,1,-5.463375481312346
0.33170931115579083,0.26176227196952884,0,-0.639762820688345
0.09583921104991588,0.24428671212713093,0,4.734377294820863
0.776624387210356,0.7151379630222348,0,8.544322049201485
0.2799484522890179,0.11073028962701637,1,-0.03201296196085712
0.3574771996871896,0.08608320134515346,1,1.4934774260087842
0.8959632097373275,0.4102262440083131,0,-0.67625127368043
0.19469953459091072,0.9467638659997197,1,-3.8840446561783564
0.05823956713302536,0.11714964723189703,0,0.1714045367812318
0.4165553037141564,0.330345402069516,0,4.082419936236482
0.17360843034788997,0.22557623139856597,1,-2.2378894318029046
0.4578604275078618,0.2675836216314412,1,-0.08351437755236102
0.7433548727781409,0.5938776958967763,1,2.519658996657757
0.22262401438926704,0.6421330199081595,1,-6.273991988177835
0.7935232179924473,0.26382557886279445,1,1.5890019833856126
0.060395697535735926,0.815954539160917,1,1.6364016217829063
0.7286615049768378,0.032695244942521295,0,6.516063446732025
0.2786602168537433,0.8662217338267584,0,5.073538711781387
0.28561875212501864,0.08977947908225137,1,-1.1943466721424976
0.3619807525298172,0.08787968318884498,1,-2.1751392826867377
0.4239450792383258,0.4869207014054483,1,-5.1817146674911
0.38554038963991943,0.0179333524869687,1,1.3774417090773987
0.051043406893975796,0.0015737239807557257,0,3.9641934164877712
0.32549051380376526,0.10559627916351322,1,0.5267655777564424
0.1492201644008987,0.4447192174335136,1,1.446274923397997
0.6627634634330513,0.9976407805060181,1,-1.2246929657428058
0.9512839165982196,0.6553972429066232,1,-0.7767751879567357
0.5250083076111964,0.30874573373011216,0,5.359693967935147
0.5878099642557479,0.6518517695449462,0,6.746413914575106
0.13307337543963982,0.0709493382293992,0,-0.6102940713574583
0.4873327126670307,0.2546938681255225,0,4.972357569943773
0.3296068060882916,0.9622951991806965,0,-0.5612519318267708
0.9968909935941431,0.45012830436371043,0,8.989237292496668
0.1528939181182154,0.6600788939228309,1,-1.4018707016369714
0.7920816885317129,0.5621279884782614,0,0.03564052921096561
0.5278519277449182,0.2451223272166536,1,2.0567086598174216
0.9901149339409915,0.04882348437446782,1,1.1160278306452849
0.07652945155651258,0.9944781934480738,0,7.529257856295773
0.7421206321506462,0.1157203336558712,0,8.834236008791665
0.6848152639273334,0.04556450128257794,0,-0.9720754690985807
0.49538159990390984,0.4781017028141459,0,6.166554325888875
0.722493051650131,0.09711447162624598,1,2.2838653271705507
0.8615942051484876,0.6731717364730588,1,2.2756790557203272
0.5476595593559287,0.2664089870307671,1,-5.919142861102399
0.7804170642480023,0.3528571557490394,1,-6.370850588119495
0.37418593574878856,0.38074926752377647,0,-0.8087988429608686
0.0877325041891972,0.8500642641615286,1,2.590240041562738
0.1316420058717851,0.6379529948154045,0,3.4886687684935804
0.5774265760143548,0.5412466160146954,0,4.216181317657563
0.03772766731890287,0.19216505362696912,0,3.661452820471455
0.7698816777759654,0.6790338899969235,0,5.268035142748305
0.40020561427614487,0.7304103384261166,1,-1.527030785380159
0.7353648370239898,0.7968856661763126,0,7.711720253038512
0.743660147705042,0.3953526437961301,0,2.387202768517686
0.7667447185101232,0.10943789409941973,1,-3.857062978908507
0.7519588036870466,0.5886066123742186,0,7.6438308131953
0.6097556697277967,0.015164481058996482,1,-1.1976605979953927
0.15984695933629267,0.5783723534274242,1,2.489103481571343
0.44756007556524335,0.6372322671331595,1,-1.8553291647882544
0.9916818321755938,0.6428235150045445,0,1.6868449375268986
0.5364153384095479,0.06168900313798065,1,1.919248225124119
0.8193576905088921,0.47506951864628977,0,4.3363113591420985
0.6619874093117143,0.28388403197546985,1,2.1404933444450105
0.7542001004968083,0.6369094313213027,1,2.9530148873799407
0.4289104399094902,0.30193921066622964,1,-3.4509223510676916
0.9152907268878223,0.5138694970559647,1,2.4876590602777338
0.3355691067209411,0.8025705259210365,1,-5.760485169055389
0.5367092440515783,0.8994033253721974,0,0.9561640342249937
0.6452000926946598,0.940467881918246,0,8.087922922803983
0.579340237806722,0.5595981283532339,1,-0.6223295971570391
0.7503325456311979,0.6310525573917318,1,-0.26225130205221925
0.6820242905014225,0.4878820017686448,1,2.4900641324531154
0.018726713393465766,0.8563562647392451,0,1.0958121959893372
0.31948656398513897,0.45664657566589384,0,8.802453298577838
0.20210087434067214,0.5844425565507367,0,7.976721425658928
0.2213820797027326,0.260084062277377,1,-2.7086283363268713
0.39811234118056993,0.9396343618136798,1,-5.776330950459059
0.58116958031836,0.14887754938469533,0,1.6656196176325944
0.9966831719531074,0.10124489606101295,1,-2.2605073474651745
0.0061321162670626705,0.014354840069955133,0,7.519203958492836
0.2717056625498232,0.3800184086913059,0,8.72834099113801
0.7846713348654782,0.6828170557768201,0,3.955066065815073
0.39686263508777075,0.6863870397774491,1,-5.14335155717221
0.35250868828289805,0.8920611299986251,0,7.662279657050934
0.7114697323522731,0.2908593094909896,0,5.073618771218126
0.8252882810698321,0.10089300304073501,1,0.6423158123181745
0.11581605144639984,0.4090318653514926,1,-1.6774219167912525
0.31779205245670183,0.6247594769508484,1,-6.666090678023291
0.7836337297757511,0.5539358769610623,0,2.191316083254775
0.635632205089231,0.8402175568104984,0,0.2813315949259678
0.7210228787736332,0.0977854291362178,1,-2.63829773515352
0.8464893544967999,0.29069150865441673,1,2.482083913424015
0.4986742248236937,0.9227642027310163,1,0.27271716513755084
0.4233546697307765,0.781123219220495,1,-4.60699013540089
0.001977177270099051,0.6087503716199147,0,4.155824770163796
0.8055313387518248,0.3899340056456402,0,6.262501726771435
0.6004329246943818,0.26041665875871767,1,-0.6677864113886227
0.05441142276865185,0.9516625127831502,1,2.9945549614250453
0.23546042784654098,0.7106649390054952,1,-1.9845813453340826
0.9183440035971013,0.08076151754397132,1,-6.005208586622718
0.23515272318719782,0.4516526868987437,1,-2.2044907661621753
0.2203513297772547,0.36693889149267067,0,1.7724955107131821
0.4896986719034734,0.6973303007091609,0,-0.61189002569572
0.7923398852912314,0.5971799461779284,0,7.0358724787075095
0.6980600814812806,0.4776098768457031,0,1.433927803645334
0.34103602923034204,0.14161096838774223,0,3.0867104115879505
0.5259714149555137,0.8444653752517893,0,1.8878195468090837
0.9314951757376965,0.24470137569700512,0,7.524385447155986
0.4425719786150605,0.575202388262823,0,4.044038697336276
0.11630837988994014,0.4618582971383898,1,-2.086379427307934
0.48828981523443915,0.29063370032069435,0,-0.08077573414583128
0.22405652774354812,0.18283627222283583,1,-5.319814888951928
0.8071076713990624,0.3265315412429465,0,8.830073529545283
0.4208637396530447,0.288858045368537,1,-1.4915327928852955
0.7354135961984888,0.9296041144223318,1,-6.606720698324063
0.15294643399231445,0.1559092339768503,0,5.45974842445824
0.9498883518498128,0.2983697267998493,1,-6.191635109278685
0.8021480566978532,0.007706946214538601,1,-5.783974077935406
0.8723116782716605,0.7465464491127329,0,8.643103065576513
0.7816785156160168,0.7892082787919105,1,-0.294510502147717
0.10121327759079057,0.2804023260767219,0,6.016520684388302
0.298462007195583,0.06447503798714138,1,-1.2725184428546914
0.6911220559359145,0.8488954919086731,0,6.006619202641863
0.958810041552673,0.3910746069624509,0,8.424130959271737
0.5400434236520055,0.0011879340675785555,1,1.0791912896310758
0.023339974722529133,0.9705103404770377,1,-0.2636527693989139
0.2659853135384481,0.6339037556520054,0,0.4091983244794388
0.3414865808313835,0.8035031754229411,0,0.6374423358423709
0.7384786984519288,0.33479883546257905,1,-4.023734819789639
0.26123523364964374,0.9009791700108867,1,1.2787113459697261
0.6601532217815508,0.3298030851234178,0,2.8266333642067183
0.03162207845047438,0.8267852737837392,1,2.281247823496459
0.624633827249356,0.5612594063755102,1,-0.8725089379128743
0.31394487583540975,0.7618286145472505,1,1.0153869892397847
0.6298765695114236,0.8742590783297836,0,4.234222638430492
0.5441420635435633,0.12320305380486518,1,1.9572886316910418
0.4999860387615328,0.3319670164884072,1,-5.453907798753331
0.7504573115040442,0.12451896809025786,0,-0.19174952338850915
0.6013785493946733,0.49287404556688597,0,6.317612477738073
0.6581282837875189,0.5267232886101257,1,-0.9698325722256622
0.007667691145908595,0.46408747756506175,1,-1.444375079728009
0.015509569779841526,0.2202826928240914,1,-4.081060706299574
0.01535025253590605,0.1620772611411585,0,6.662439655154095
0.1572916513791086,0.09579464247732827,1,-2.387382383773115
0.4749908711079076,0.5023753699123308,0,2.3472042603601686
0.22623082943300865,0.013175096547902831,1,-1.554758564005911
0.9417501040778462,0.9263763874525754,1,-1.692747941387604
0.5367931858975591,0.33787019817041264,1,0.1790724543818083
0.16414427673689203,0.9445040055944441,0,1.5817796159932875
0.43572047310874873,0.23972582486534388,1,1.0301454933025482
0.08579629725444049,0.1524469154852114,0,3.5324881646340742
0.134932165452483,0.8864683250272869,0,7.383111175411226
0.6103257802897997,0.5094691952852889,1,2.394848460937859
0.3985423112272958,0.20611596508880026,1,-1.3297636030351638
0.4108273777017065,0.41847483015025144,0,3.983100540867804
0.9652192136162008,0.03395413535347103,1,-3.4574144756254306
0.06708097230778787,0.9629075110991749,1,1.5475252796162868
0.5464846926677714,0.44469978117410236,0,5.831262294780439
0.47312477873445125,0.3468136007783049,0,5.044632627245942
0.06082022441860868,0.9675767904064476,1,-3.8653769952793002
0.7876748394179077,0.6909562814340898,1,-3.8736231570174047
0.1299009638955062,0.42014686162225956,0,5.916955392994609
0.3083850887152968,0.1752334837992191,1,-6.536584860562673
0.3606510844785845,0.13303406164759646,1,1.7092465334168079
0.7647094858710446,0.04209855988862954,0,0.6141850958556727
0.9390414394104158,0.0320512373734132,0,1.6432609044540047
0.46129694594702664,0.8973568117696994,1,2.8718977963530445
0.6841686024545169,0.6888838138680616,0,8.127932060494448
0.2139240596571914,0.6962113726104054,0,6.0155420003471765
0.9909822062093385,0.8994148140774071,0,8.315013480653153
0.41199900747838436,0.5751844503909888,1,-5.519627662149331
0.5215408183814016,0.7612593921346894,0,5.475599160637307
0.5779815815497917,0.8607420785285992,1,-3.1596909683405157
0.8833192214666759,0.11243560578585066,1,-3.8788454586785406
0.3849308290599567,0.7945338695013627,1,-2.316213884349118
0.042151578197815565,0.17290817982641293,1,-2.832551156554561
0.4170909201239865,0.8038439970249799,0,4.613491375592262
0.49627843424173257,0.21001890426465808,0,6.497039895224739
0.7633751481289506,0.9594653371065089,0,2.5184668952375873
0.5346990661695311,0.46634718402614583,0,2.8850548224910995
0.21381198493547604,0.44313897365386834,0,1.3263662102951752
0.5473575485261992,0.048273828702256716,1,-0.9645147215317667
0.7042331368875644,0.44929895412571197,1,2.459713928127017
0.3546910248853764,0.7675141171854425,0,8.116221628323192
0.4250053291962944,0.7766276086425166,0,8.119909915587096
0.14693031853073724,0.26706980559892,0,1.511113814055169
0.30334422470904676,0.2994094739036255,0,3.3884666611906873
0.24235781234177167,0.16887243485813197,1,-4.225414009317367
0.965837898370081,0.1731228070256874,0,0.8762961161013347
0.11694796179355205,0.8375702530547054,1,0.2416936550199127
0.19457515135728076,0.02991437589893653,1,-5.609378114969264
0.6726107293939476,0.5507572601118194,0,7.246068594983048
0.014272618137663895,0.8349785905163715,1,0.1931637128299042
0.7476758732043811,0.5753262200757611,0,-0.872753406907961
0.10071080642162589,0.9691214338808365,1,-5.804726897447997
0.5315237942219668,0.08253956072381052,0,-0.2368350720595931
0.47391410413535207,0.5106585692795786,0,4.329410428997363
0.4539831968350313,0.28645894838317765,1,-2.418345501219749
0.833822119153818,0.7867164706135307,1,-0.46381081300317195
0.5544062839127784,0.31062946976837924,1,-3.790613874756165
0.021761639292602775,0.39201665032374367,0,3.727124452604028
0.9405260205247755,0.47304154199917037,0,2.2074417296056934
0.30238405399798995,0.9167117941525545,1,1.5216917165063677
0.6489355837743502,0.2017514033768939,0,6.6839914827547995
0.33090375870385713,0.3912031293865279,0,4.247873012061705
0.35195295546765504,0.6213791367249983,0,-0.7979339609921023
0.8223853489753229,0.14929073536785797,1,-6.945603095637999
0.4304776531461142,0.6301518358863768,0,2.2821593935434015
0.9772844248642835,0.2665945934683186,0,-0.3068581164578781
0.10735447517018826,0.9785124716164145,0,7.280179345492353
0.4971834719338293,0.9844293623713788,1,2.4090271898431297
0.3817768530314535,0.4478956840502588,1,-2.407513436391305
0.9060171345926263,0.8238160629903598,1,-2.091136753242152
0.8898492506372941,0.9759235319683396,1,-0.4938074196589963
0.6208154635369514,0.12095416863064534,1,-2.292032782155699
0.5401756390926757,0.06258401611668596,0,0.487996573760622
0.4212863802634166,0.08693115718986699,0,0.807360276981214
0.4901182866569652,0.4592546675971303,1,-2.581301007986905
0.9493303235235098,0.014827484101016974,1,-6.583274168971812
0.2833464872424849,0.8813869273108982,0,5.8842599557450646
0.09737283754218573,0.43461651601641427,1,-4.266723011731605
0.09967878096903371,0.0408819291591237,1,-0.45381306904209406
0.05421452353707101,0.839443103613002,0,2.9030625891816895
0.35386007137159814,0.2155242143656012,1,-5.8696031830128845
0.5884452286670128,0.4361906614551029,1,-2.8313841624257066
0.3602967802518875,0.9687395668139748,0,3.520753808222606
0.4138909801582289,0.6337747980657603,0,0.729292236523932
0.039839373966448766,0.917182564651425,0,5.0775696800706385
0.5104945121741542,0.0861108263810505,1,-2.7582965773888706
0.6493213475919078,0.6183617076095992,1,-2.9237239845464496
0.03411643691498134,0.4278975931662271,1,-6.944680415314108
0.007456634048118582,0.44402654679585285,0,1.2686483466266623
0.8692244181885722,0.5602774987541405,1,-6.0831217261
0.23228802254382364,0.43294347242267184,0,-0.7867303370360865
0.4157556528490767,0.36166145752496714,0,5.851877004402965
0.33318479305715576,0.665497766121851,0,7.696800230630446
0.47706698469670317,0.42193469924226634,0,7.922437759026093
0.20383289725957465,0.0834246730922048,1,-2.2185908311032216
0.4452322088218066,0.486889741995995,0,0.6499215283934205
0.8162930168865344,0.11687990938753379,1,-2.6801515580651607
0.913813652484783,0.9857214052446159,0,8.423458747315914
0.6707804758981277,0.7815173622912791,0,-0.9647100771515653
0.28522956618232276,0.9607117091065782,1,-1.1990856168384525
0.39114723531246653,0.23976051636282003,0,2.513413520122591
0.3321840321275321,0.36084685014928486,0,6.816005651215154
0.5171038837855023,0.45227175219443516,1,1.108781349960191
0.3391866035968847,0.949962465864756,0,5.253539790487372
0.16803746283735732,0.2915428741430556,1,2.111708030063509
0.11030781890502861,0.04002956494225818,1,0.42665401420573
0.15475733035531336,0.9572127046622966,1,-0.3853943772737747
0.3147704356459783,0.74474097314511,0,-0.9403832062906989
0.6813448734422868,0.918625566942695,0,2.5208674784491123
0.9468879081021112,0.8406975768703366,0,8.117851166663334
0.9596433482444974,0.7906674833158533,1,-2.2152246320669278
0.5201070375713419,0.7613354284234751,0,5.062544457338184
0.20030981306235696,0.518596538661934,1,-2.561056757324838
0.5180189968679061,0.08690250358131246,1,-0.5098868927102034
0.12278484057855998,0.8737240831852481,0,7.305360416287493
0.06401206741611687,0.15139702511857545,0,8.572185128438722
0.32381317125515563,0.0014095700303464742,0,6.214891596397507
0.3619599988724651,0.25889273631035425,1,-6.291061643187573
0.979815519942328,0.696417148029305,1,-0.46401753446727856
0.5678151129929089,0.5820291804486795,0,7.781303343246814
0.9485331132246808,0.7662448871287173,0,6.592806900091068
0.9364935465587187,0.013816973573681612,0,8.391417303191526
0.4061004985796326,0.1631378920087999,1,2.7642025408275703
0.10629778194126771,0.5204042210140666,0,0.53376709707657
0.055248007436752955,0.4205519511889978,1,-4.772457470228076
0.8961084250732207,0.8181624869055665,0,1.5783926439599618
0.42612889661908837,0.36228517527364623,0,3.477596060100584
0.7605627803052066,0.2880028582538855,1,-1.2329950871645234
0.21048022550304812,0.11731936373186269,1,-3.116810533204294
0.5792781926996621,0.7407313521194835,0,2.8045297736015025
0.06571345807465734,0.8130531804174991,1,-4.928831646937131
0.7539446412428469,0.4134254390526573,0,5.93361468061439
0.20625768004389877,0.19875172155459842,1,-5.123736748538718
0.18598694021706508,0.5109604138965901,0,1.5731207691279865
0.019589727153431657,0.19675189105117397,1,-1.7151852851599934
0.38502295212237403,0.5502994081073892,1,-0.4073553833860526
0.4047050320595249,0.9035155224981004,0,0.5892627698276947
0.742532207128965,0.936653769162716,0,4.661627939346489
0.4866429206628722,0.7405324648822701,0,4.0416799416128395
0.9966121176428897,0.9703602964735606,0,0.5455932529367811
0.10758213743723966,0.5517139373593339,0,5.263711507262134
0.46472679504806935,0.1666259482134559,1,1.64283017806184
0.329865224694605,0.6425699732593365,0,3.440910499118596
0.1923344077234741,0.8051955001005217,0,4.091572627560681
0.7339827959704263,0.2837939512500003,1,-2.115865040508022
0.5277160572895152,0.2904816715793771,0,-0.11194206975314813
0.052580608877748625,0.2905727492624789,0,2.9335350730606953
0.11700100416503234,0.28089266224087794,0,7.402326778322543
0.4357817937577768,0.14747120973795402,1,-6.966704862004253
0.031480857249401195,0.7468988538793327,0,-0.734690655788869
0.20729706503487433,0.0948075987980529,0,-0.23514767197885078
0.9190144573658702,0.6876700271777052,1,1.449211982851593
0.42530348499408444,0.8191326555725674,1,1.3671979493840496
0.6507843268794333,0.10624680335113268,1,1.8857350127129786
0.5819740092381321,0.5228391013526994,1,1.7428070797239101
0.9388496602053265,0.7322928866459437,0,1.7996932686040878
0.7639555837714361,0.43496088999488325,0,4.924433032292168
0.11945500706236079,0.8092551225080591,0,5.997452899809126
0.18252529735824186,0.4093302614882258,0,7.329182267594288
0.7862463711369941,0.23210761475939534,0,8.319114080086997
0.08758303360094799,0.87999011699513,1,-0.42435546853205963
0.47774533234056193,0.6997051086675726,1,-0.6694465312226465
0.706528231833854,0.5410701185279438,0,8.357067700059847
0.9543744282525187,0.8334169727189288,1,-1.109678983115007
0.06752042076156517,0.08675093762103259,1,-2.2290658491477062
0.26760835438294994,0.04397349527189265,1,-1.1120154856638162
0.9043181348587243,0.941656258171945,1,0.9069375347186699
0.0031819804938101326,0.8384424154611528,0,4.620681943558964
0.3558769936545658,0.13948383991642832,1,-2.2209602014252807
0.5862776314206058,0.9738979738695855,0,2.9879816010725344
0.9985272365874847,0.020492038351294206,0,7.616686316038857
0.9364329951854501,0.978435505186621,0,7.4316091533423325
0.2718438555631867,0.35010675720083695,0,3.982509524331987
0.46785230839719283,0.48672995177803047,1,-0.36181401371387434
0.014855569555682346,0.4051971477699363,1,-3.1435264259322597
0.1532511819331812,0.978630868147279,0,8.04023911287397
0.32551051396293385,0.7239922791077837,0,5.62370426934621
0.9503548355603866,0.8353363214541856,0,8.418293852811894
0.2519013129241454,0.5895923627596718,1,1.1217771514363726
0.6311711375280282,0.24300545015986041,0,4.90759905236593
0.1621504527481442,0.9767135634402527,0,-0.28265447418347733
0.332754954004287,0.11399867000416208,0,8.870699817929555
0.4124819080560195,0.8430622237767369,0,7.229002924830767
0.6589772272539172,0.4997928376337115,0,8.575299187576189
0.04148203294396646,0.3934578810851873,0,2.5742192096795486
0.04652410928036632,0.7933772553175071,0,7.9012039174270985
0.5933098530099619,0.9075701266489299,0,3.8463864481364585
0.8375458479237324,0.7514840924227949,1,-2.5219086255457004
0.043015499341805596,0.6560746696441365,0,5.7309340590193445
0.6702056655005915,0.004477384291807995,1,1.6654725329198934
0.3646235705085228,0.5176665476697734,1,-0.0007223179430875248
0.256637986749202,0.18774608357428269,1,2.243777588476359
0.36160795296555304,0.5967865102816117,1,0.5871526858485447
0.21696734137644624,0.4692731189515764,0,4.81786893992898
0.1511910659583766,0.5274084377886112,0,4.130861019743559
0.9978534771923947,0.16545960829640294,1,-6.545087606804723
0.7640087628153567,0.5146243605103984,1,1.84925803849405
0.09499677696275366,0.23987063052577062,0,0.545779541213113
0.913735122549806,0.059081910321700404,1,-5.271743570718039
0.4617693958105129,0.29260180236972266,0,7.279433728875254
0.5525792074894357,0.6511749809131077,1,0.7476545232272209
0.5713430130962119,0.3126788113286024,1,-5.922843802828137
0.7218681158363011,0.13850414543990952,1,-5.859399589875919
0.5697114012046568,0.9961172735727383,1,-5.1610740781391495
0.4729737578239358,0.9723318990606469,1,-1.6969311270175087
0.4495105277939653,0.8309502824981712,1,1.920752625886946
0.6911189189242714,0.5060873350194871,0,8.952396300832728
0.027375548804168592,0.44498267672986136,0,5.364388421161006
0.6419025064151038,0.8843076460822379,1,-2.88155570094197
0.7572247981714046,0.5383320630377383,0,5.51679728008178
0.893749799934619,0.7362809443130317,0,8.955886584192244
0.21744640138836246,0.7309981580644047,0,-0.9124038165652575
0.9396390739346206,0.7733180625994616,0,-0.4896245364360823
0.1880004900847575,0.9781096758995627,0,6.92406414686384
0.3020575712343019,0.5321521770508819,0,1.7019886851450412
0.40727826787409926,0.9414910999243077,0,0.8568272957726233
0.8143604238757418,0.7712245588066186,1,-1.2585412756902716
0.7250859214757766,0.9673077503537617,0,2.244285833818373
0.13774488608162827,0.5988557047975736,0,5.4664645343865015
0.5988309183443871,0.24280450733238734,1,-0.7469018039545743
0.6948958675260535,0.7327366591536856,0,4.170481986068728
0.1951919067791641,0.9331266287246495,1,-4.362582415514057
0.7571393645305916,0.7574948677037001,1,-6.939206878782139
0.9693034432689706,0.9883192623015279,0,3.5987583226951063
0.03194577192204373,0.6620551731455577,0,-0.7417644996085802
0.48531467180563503,0.744475018899114,1,-4.613344161986961
0.8930654710980528,0.15577288134063738,1,-0.4083975939268383
0.10361741458916818,0.6791814713682252,0,2.72117219620296
0.9933361913820186,0.39446800817236805,1,-4.7064525372673245
0.5795596601592562,0.4407595788407034,1,-1.9287071984835897
0.6440490177626625,0.7696498700461482,1,-1.1512387700605196
0.6941463691017785,0.959350748336647,0,1.4911607169478591
0.13985182718786504,0.378545218873815,0,2.741141517772273
0.6546075226534411,0.25070265301684636,0,0.2897531829590587
0.5681721790812275,0.22612174519579342,1,-4.31235623761774
0.5085007270325904,0.48579932529572833,0,7.408640006885221
0.12016949184265369,0.22799918415959053,1,-4.921508675575727
0.43608292750868205,0.33058516269900606,0,1.608334998977499
0.6077371669386131,0.22524494544131302,0,8.021083656312689
0.762777988516181,0.9837040941444681,1,-4.225749380295328
0.21197504270447642,0.9947561676623937,1,-6.820411002228521
0.1445023514091155,0.8753563372477622,0,3.16354297692053
0.40208297442892815,0.689905757380681,0,3.586139414972389
0.26722985158876245,0.6872315889387688,0,1.370270864651217
0.22474900514322393,0.31065113777300746,0,-0.3341371820594272
0.4114357509891491,0.14259186834673465,0,0.9866477768734185
0.18178630587337796,0.7775865528671635,0,2.664642169689829
0.557800731811475,0.5945314843579314,1,-5.068850572106401
0.811647813610624,0.5131063471802932,0,5.504241419521532
0.8370407048836817,0.08776514770800004,1,1.8173610037498062
0.8080618311184329,0.8066037483466921,0,4.871110035441488
0.6137563657509187,0.7103452647181783,0,5.099640072872596
0.6963936190132342,0.9908929830801435,1,-0.47771187596190634
0.4329168670440017,0.3161960276184451,1,-3.6265327685179676
0.7214303777540005,0.3391226068060065,1,-5.319139206022584
0.4760246391627111,0.7915824956663767,1,1.0901744567212952
0.0003776820571183004,0.32134195562000256,0,8.459203790385638
0.2719337681275942,0.8302601378685781,0,7.342651489442382
0.73455081419069,0.3687507641228267,0,0.9952567279374307
0.5615090598989612,0.06801620684137866,1,-2.8194918828615307
0.22370056623339762,0.9733063650987807,0,8.56304283922981
0.29615885879950743,0.4354604684501939,1,-3.6024971030669244
0.8640888520686151,0.2172769514623485,1,-1.262126954481423
0.39065674437485987,0.2320685053830831,1,2.796443291136411
0.7069532434648512,0.16295524800620131,1,-4.8382022035552605
0.5243616312842774,0.38872614876820577,0,0.7349586929979939
0.07350922905595236,0.3108031757005769,0,4.833867934187833
0.5423992162625217,0.644497071746559,0,7.373788668840709
0.5246928813051704,0.6216279246884285,1,1.0173506990807963
0.9929358033754563,0.9728683916870938,0,6.375240903493695
0.1041732749450538,0.4368922925214196,0,2.3248790148909926
0.622332861661916,0.4476192447587355,0,8.678804413212774
0.8170472955027585,0.20540016490268298,1,-3.888575985570764
0.9475484528222918,0.9108041002617089,1,0.6278017442025714
0.5720360969997792,0.02818509610287112,0,7.563550088533881
0.6866985352158885,0.9794360106382048,1,1.2381222500413696
0.8454427477853947,0.41209050707309736,1,-3.35281289202502
0.8394290611411496,0.30937638676788537,1,0.6141132344144848
0.5408448569074294,0.5264130029509817,0,2.156324729617559
0.13453541763650345,0.6547296151386819,1,1.2876581145005703
0.290469511030351,0.30741034922253907,1,-1.397349276101873
0.005417659825810106,0.37918152360417645,0,0.052426784440815055
0.08723945680219924,0.4705368419846595,1,2.5092299121984762
0.45999540670810435,0.32350693879398396,0,-0.5894387619681041
0.6022284133266432,0.9192825415564418,0,6.908464968979567
0.7825046475425451,0.8311993190663476,0,3.76050044057771
0.7364526725178862,0.08489037872224858,0,1.4773120841280507
0.5602731889316866,0.38319208582944764,0,6.532969592828308
0.3138517451674664,0.07522825791240251,1,-0.19057038779290592
0.4924724552427494,0.869741116765415,0,7.3005733750999084
0.37535793590041233,0.504291774636344,0,2.945105773820595
0.6516489324533028,0.08434378712799462,1,0.5995844953063463
0.6058890772040012,0.16320443906983162,0,8.566969564704728
0.8905271063405567,0.09855589625159122,1,-1.0868235881877437
0.6188984937502616,0.5011331681602976,1,-5.601618403554536
0.6387360552597549,0.8179102261151068,1,-2.9001565701166108
0.3742640584595883,0.9187301373513759,0,3.400091849786765
0.30084075197260884,0.31533775915151596,1,0.5895934562888803
0.7484446953668885,0.5726536010898705,0,2.741123968936133
0.5798092858092523,0.1732619253719867,0,6.647507724069364
0.8003159358058715,0.5045048039742859,1,1.0053276098314106
0.2648017231464693,0.9731280824144719,1,-6.890159888996305
0.9243279514470458,0.23536300084196005,0,2.2989984511849553
0.9659157908561624,0.8536326159502776,0,2.0755492735819887
0.1024970945594057,0.8717089551673245,0,4.421636438476964
0.4314938739101425,0.2057596786013557,1,2.5964266534663842
0.5629076103722932,0.12984879981880915,0,3.4644641674489876
0.4851635295810849,0.5046874214691732,1,-3.39631938569158
0.9170035947935142,0.9364379185414792,0,7.885590146886679
0.5549513695605615,0.5816036901471404,1,-6.686192420100596
0.5350656629257684,0.746878172799754,1,-0.9472796032992785
0.678115999336267,0.5400504280186663,0,-0.3767142518358355
0.2946156248117423,0.6864346020042629,1,-6.588728551180022
0.46619072783022,0.20700628755602346,1,-1.1762062547125653
0.19181384374804966,0.14322549989102928,1,2.592325670209487
0.017213024946696298,0.31678253995783723,1,-2.762144052162636
0.38516043321631854,0.584336769796475,1,-3.205129954875993
0.43485334621061644,0.08597220985596266,1,-2.624865474316021
0.7368285662243688,0.45774691894223485,0,5.7670336237826465
0.3253208673036533,0.7680200239504015,0,5.294307173243511
0.8749577375444633,0.6606720431717411,1,-2.8045833972938885
0.8717338554211764,0.822791061852428,0,5.073220865112412
0.04920403725837841,0.8356648219782179,0,0.41127320656762834
0.8891713790155402,0.9142962417681787,0,5.992041403529684
0.027415353619077987,0.23204507811964448,0,7.602157269235678
0.10307409726040162,0.18512656912901226,1,2.451220131239668
0.17966671023117087,0.5741175283410496,0,-0.33718964594698875
0.2277717131182706,0.09253537953614033,0,7.144856302326949
0.9907643324223852,0.8688179787918614,1,-3.8383943239223735
0.9675450585255849,0.37511330682335753,0,5.175357390699151
0.6039791607632631,0.24530066234263004,1,-0.7521296659390635
0.22430203356211886,0.36682898721751345,0,1.0846493241053405
0.6223416550664967,0.9997879207354669,0,0.3901064566775432
0.5398156248793862,0.048135222212721596,0,6.422760296852362
0.8594491866046599,0.528021558448247,0,6.6752156748843
0.6949247299421891,0.6592374937327401,1,2.3766394275663654
0.8181794921653011,0.6331869154713738,1,-3.3168849069464086
0.36887100322265953,0.8452826653527719,0,2.185330722004527
0.176758430554532,0.36243555542900374,1,0.27400850328956405
0.7035883616147562,0.577840385800421,0,6.531321074433871
0.4449153678166906,0.8067775367936544,1,-0.2610960085479199
0.5751426633482122,0.594655216284081,0,0.9693121161449341
0.8917236620463788,0.2958462490992254,0,8.996355786728781
0.022055746788777975,0.7408415910444787,0,4.352266267661294
0.20266346495015353,0.6305443972268182,0,1.0366968248024762
0.15538358379589667,0.16037972082347707,1,-0.39545795272592876
0.3109353534246505,0.4794551769692963,1,-6.9185249334446155
0.29464701373011337,0.16089798866081773,0,0.8977495333080192
0.8142919786396476,0.824375198611428,0,2.7684676871434686
0.13582200397192046,0.5340346845579964,1,1.6416151724957366
0.11808796154109469,0.018968114007639758,0,1.2869599346535798
0.9266376604619612,0.6258118585285325,0,-0.7348414487091421
0.77058726386539,0.4278355999343233,0,3.587710469285163
0.04079368752485979,0.2884353947302093,0,5.46477710308695
0.6550872030186371,0.8581997078760657,1,2.0451284992563963
0.5174002298677549,0.26342250673466316,1,-1.1242427163131534
0.04224524608157443,0.9674038046249728,0,2.457533475662898
0.14750082615874582,0.17981293363918527,1,-0.9405775898250806
0.5767863489237965,0.43045625274099375,0,7.397572643979525
0.1278669941396714,0.1837640566528823,0,3.741497106699965
0.6008650298271457,0.10640969153084856,1,0.5188265012268882
0.7738312821256572,0.43006568944627643,1,-3.2606081271075276
0.24372926420749375,0.20987405981844154,1,2.8060355056782322
0.03190828440081672,0.8847796264155182,1,-3.59898374275776
0.38904704487375596,0.016613846259560194,1,-5.778642644404917
0.1261204434519304,0.7370672271859151,1,-1.4789506443955478
0.9363800964887378,0.8750173800436873,0,8.934395187793397
0.12173407197538799,0.6878639112864876,0,2.516049119202033
0.7401008145940576,0.7086375598164344,1,-1.2763510933657294
0.08186954968969173,0.6886107440012837,1,-0.9176947327457121
0.5154235602687167,0.32027021062007666,1,-3.309254217606629
0.6577831810005347,0.757855375415067,0,0.42652193212189005
0.5798072124114512,0.576397191451334,1,-4.887628061163091
0.03978535820116125,0.6459950975128099,0,7.395616312238637
0.8920476083284471,0.6973264529973555,0,0.496440537089768
0.7426550881233801,0.3190883188166289,0,4.941636061185834
0.25470439968264147,0.22601551261380692,0,2.0701839522202343
0.5021950689061331,0.9807010969537994,1,-2.5962121762894723
0.5044431490998238,0.4268730696553521,1,-1.5667906504712876
0.07833443172304477,0.2846871401653147,1,-0.45374837414961533
0.5682414896499302,0.11373438855114104,0,8.397011080695869
0.7101154970672823,0.870963476954366,0,3.0165606037955186
0.28868425766301153,0.2102208285181444,1,-4.658988854540781
0.38896221590530655,0.9148078715915866,0,6.558464209790263
0.0953322914782877,0.10041449944346303,1,2.0105781980934854
0.9641301243041741,0.673916869229896,0,1.4960106746237551
0.06526007475730178,0.4981011438114694,1,-5.456509486833863
0.06249781535383514,0.9162904979514933,0,7.959913342190093
0.5871701895852728,0.5416416991792985,0,-0.8784975990587895
0.8779045945520602,0.6229876782312496,1,-0.18466875601383537
0.7080135721089379,0.11883630626911823,1,-1.3787416064175222
0.19348521784847206,0.882723261271166,1,2.864676963092723
0.06453450650241666,0.9812205843511627,1,-0.20682225284273503
0.42579287867923965,0.3644480117253097,0,2.7846522195160777
0.2155952841753095,0.39157016206632433,0,7.084563676500859
0.6623942488555077,0.5074522264571242,0,7.276138201060558
0.44585047353433394,0.0898284409517841,0,3.8081687379995977
0.2706729324860152,0.95326222610646,0,6.67683262885635
0.3431355356381215,0.1706008106839979,0,2.0480782334831797
0.38246589795735897,0.49586040517956365,1,-1.3612587642669194
0.9704321066353139,0.008135054440651213,0,3.842368564928117
0.2540272680670399,0.26831885158936,1,-5.2889409781731995
0.6249481447365332,0.8773367586842467,1,2.4769573973045693
0.4200247854630974,0.6134979266255154,0,0.2991271205642505
0.22561502306067183,0.026349972236791475,1,1.042323815953032
0.8773749352811694,0.5786107222163053,0,3.8523306795772108
0.8707729769118906,0.8446615142475853,1,-5.978256738705012
0.8551770549306128,0.6794222111732949,1,2.91976565716193
0.19116785258146052,0.07363079479456314,1,-5.6022289618698835
0.46356083700286677,0.363636035187183,0,4.068165135824189
0.19095503769861866,0.8366683560504542,1,-1.1587226327088977
0.721002796080242,0.01678313755088745,0,4.009912858675888
0.42700032714964886,0.024625671234973168,1,2.9761831975548096
